,Model,Ranking_Score
1,QWEN2.5_14B,125.331
2,MISTRAL_NEMO,58.609
3,GEMMA2-27B,48.205
4,GEMMA2-9B,47.786
5,QWEN2,31.951
6,LLAMA3.1,23.585
7,LLAMA3,21.571
8,PHI3.5_MINI,18.833000000000002
9,PHI3_MEDIUM,16.866
10,GEMMA2-2B,15.516
11,LLAMA3.2_3B,14.547
12,LLAMA3.2_1B,11.620000000000001
